date,rainfall_mm,temp_celsius,soil_moisture,rainfall_lag6,rainfall_lag9,drought_flag,health_score
2005-01-01,1170.857,24.26294,0.21397659,,,1,20.7
2005-02-01,1290.3385,26.007416,0.20014846,,,0,13.1
2005-03-01,3681.465,23.971344,0.2902408,,,0,62.9
2005-04-01,3622.0664,23.821655,0.29578948,,,0,65.9
2005-05-01,5667.6367,21.893524,0.34982616,,,0,95.8
2005-06-01,2929.44,21.882324,0.3205699,,,0,79.6
2005-07-01,2668.8994,21.657532,0.29869124,1170.857,,0,67.5
2005-08-01,3790.1055,21.780762,0.32137734,1290.3385,,0,80.1
2005-09-01,3476.984,22.202423,0.3200039,3681.465,,0,79.3
2005-10-01,4324.185,22.268524,0.31033057,3622.0664,1170.857,0,74.0
2005-11-01,2761.5784,22.94925,0.29214156,5667.6367,1290.3385,0,63.9
2005-12-01,1044.8682,24.238586,0.21586575,2929.44,3681.465,1,21.8
2006-01-01,1359.4429,24.635895,0.20299488,2668.8994,3622.0664,0,14.7
2006-02-01,2269.9124,24.847107,0.2252679,3790.1055,5667.6367,0,27.0
2006-03-01,3978.6956,23.15744,0.30208325,3476.984,2929.44,0,69.4
2006-04-01,5047.1377,22.318268,0.33697918,4324.185,2668.8994,0,88.7
2006-05-01,5458.0547,21.786957,0.3459151,2761.5784,3790.1055,0,93.6
2006-06-01,2423.708,21.925323,0.30652606,1044.8682,3476.984,0,71.9
2006-07-01,2943.2573,21.830994,0.30101055,1359.4429,4324.185,0,68.8
2006-08-01,3513.0793,21.644318,0.32398438,2269.9124,2761.5784,0,81.5
2006-09-01,3724.372,22.159668,0.30993983,3978.6956,1044.8682,0,73.8
2006-10-01,3710.0662,22.775818,0.30419126,5047.1377,1359.4429,0,70.6
2006-11-01,5650.596,21.50122,0.33751622,5458.0547,2269.9124,0,89.0
2006-12-01,3731.7202,21.973053,0.31538838,2423.708,3978.6956,0,76.8
2007-01-01,1930.1514,23.562836,0.24168992,2943.2573,5047.1377,0,36.1
2007-02-01,2387.2795,23.815277,0.26282015,3513.0793,5458.0547,0,47.7
2007-03-01,1836.5984,24.275146,0.2506769,3724.372,2423.708,0,41.0
2007-04-01,4078.7686,23.436462,0.2898756,3710.0662,2943.2573,0,62.7
2007-05-01,3451.8694,22.836243,0.3104434,5650.596,3513.0793,0,74.0
2007-06-01,3732.854,21.454376,0.33048898,3731.7202,3724.372,0,85.1
2007-07-01,3689.5925,21.331055,0.31915638,1930.1514,3710.0662,0,78.8
2007-08-01,4464.2773,21.164825,0.34197238,2387.2795,5650.596,0,91.4
2007-09-01,4245.869,21.539917,0.34204113,1836.5984,3731.7202,0,91.5
2007-10-01,3492.0134,22.288849,0.31408927,4078.7686,1930.1514,0,76.0
2007-11-01,3534.1694,22.404358,0.3019176,3451.8694,2387.2795,0,69.3
2007-12-01,1735.9686,23.07483,0.24919896,3732.854,1836.5984,0,40.2
2008-01-01,1952.4861,23.589264,0.22829787,3689.5925,4078.7686,0,28.7
2008-02-01,1776.1909,23.821869,0.23733504,4464.2773,3451.8694,0,33.6
2008-03-01,3891.7703,23.139526,0.27939683,4245.869,3732.854,0,56.9
2008-04-01,4276.9023,22.30072,0.31950393,3492.0134,3689.5925,0,79.0
2008-05-01,2706.7341,22.546692,0.29278314,3534.1694,4464.2773,0,64.3
2008-06-01,2597.1602,21.621216,0.30200958,1735.9686,4245.869,0,69.4
2008-07-01,3344.7593,21.227295,0.30571732,1952.4861,3492.0134,0,71.4
2008-08-01,3712.668,21.526764,0.32053852,1776.1909,3534.1694,0,79.6
2008-09-01,3436.4565,22.231049,0.31868395,3891.7703,1735.9686,0,78.6
2008-10-01,5137.76,21.823181,0.33890668,4276.9023,1952.4861,0,89.8
2008-11-01,3634.8892,22.246582,0.31553367,2706.7341,1776.1909,0,76.8
2008-12-01,1060.1897,23.609833,0.2210749,2597.1602,3891.7703,1,24.7
2009-01-01,2200.187,23.939148,0.21683544,3344.7593,4276.9023,0,22.3
2009-02-01,1641.3832,24.273102,0.23509021,3712.668,2706.7341,0,32.4
2009-03-01,2091.7913,24.723206,0.22575127,3436.4565,2597.1602,0,27.3
2009-04-01,5048.266,22.69455,0.31931436,5137.76,3344.7593,0,78.9
2009-05-01,3720.349,22.557861,0.3160102,3634.8892,3712.668,0,77.1
2009-06-01,2021.753,22.674927,0.2758746,1060.1897,3436.4565,0,54.9
2009-07-01,1774.637,22.32608,0.26891193,2200.187,5137.76,0,51.1
2009-08-01,2851.1782,22.667175,0.28170002,1641.3832,3634.8892,0,58.2
2009-09-01,3684.1594,22.776672,0.29712632,2091.7913,1060.1897,0,66.7
2009-10-01,4484.6934,22.55487,0.3170355,5048.266,2200.187,0,77.7
2009-11-01,3814.1765,22.627472,0.3050668,3720.349,1641.3832,0,71.1
2009-12-01,3882.615,22.429352,0.30591083,2021.753,2091.7913,0,71.5
2010-01-01,1852.9641,23.742035,0.26788455,1774.637,5048.266,0,50.5
2010-02-01,4145.3066,24.061493,0.27801615,2851.1782,3720.349,0,56.1
2010-03-01,4473.9116,23.337433,0.3199958,3684.1594,2021.753,0,79.3
2010-04-01,4406.9277,23.315765,0.32599947,4484.6934,1774.637,0,82.6
2010-05-01,4869.3354,22.512482,0.34924752,3814.1765,2851.1782,0,95.5
2010-06-01,3305.9966,22.12909,0.3221774,3882.615,3684.1594,0,80.5
2010-07-01,2455.185,21.848358,0.29376957,1852.9641,4484.6934,0,64.8
2010-08-01,3313.1228,22.094696,0.30215517,4145.3066,3814.1765,0,69.5
2010-09-01,4138.496,21.976227,0.33168602,4473.9116,3882.615,0,85.8
2010-10-01,4414.4863,22.370026,0.3238147,4406.9277,1852.9641,0,81.4
2010-11-01,3092.91,22.736786,0.301534,4869.3354,4145.3066,0,69.1
2010-12-01,2663.2979,22.697388,0.27070823,3305.9966,4473.9116,0,52.1
2011-01-01,1033.9492,23.68451,0.22691703,2455.185,4406.9277,1,27.9
2011-02-01,1348.0366,24.705933,0.20851605,3313.1228,4869.3354,0,17.7
2011-03-01,3438.6787,23.704376,0.26092225,4138.496,3305.9966,0,46.7
2011-04-01,3880.6255,23.073853,0.30526018,4414.4863,2455.185,0,71.2
2011-05-01,4118.402,22.360352,0.33079648,3092.91,3313.1228,0,85.3
2011-06-01,3590.3933,21.98529,0.32221586,2663.2979,4138.496,0,80.5
2011-07-01,3175.4587,21.868408,0.31045505,1033.9492,4414.4863,0,74.0
2011-08-01,4531.6074,21.338196,0.33868065,1348.0366,3092.91,0,89.6
2011-09-01,4675.3306,21.498901,0.34473184,3438.6787,2663.2979,0,93.0
2011-10-01,5010.3047,21.804993,0.33427483,3880.6255,1033.9492,0,87.2
2011-11-01,5482.354,21.372772,0.3512598,4118.402,1348.0366,0,96.6
2011-12-01,2330.456,22.499756,0.2884117,3590.3933,3438.6787,0,61.9
2012-01-01,316.33307,24.567413,0.19122389,3175.4587,3880.6255,1,8.2
2012-02-01,1598.9126,24.810822,0.19760455,4531.6074,4118.402,0,11.7
2012-03-01,1312.2743,25.127228,0.21357764,4675.3306,3590.3933,0,20.5
2012-04-01,5661.757,22.609528,0.31621015,5010.3047,3175.4587,0,77.2
2012-05-01,4865.8594,21.786041,0.34937456,5482.354,4531.6074,0,95.5
2012-06-01,3576.3208,21.576447,0.33054078,2330.456,4675.3306,0,85.1
2012-07-01,3578.8767,21.226105,0.3294941,316.33307,5010.3047,0,84.6
2012-08-01,4073.7253,21.32373,0.33913118,1598.9126,5482.354,0,89.9
2012-09-01,4604.6,21.656982,0.33934194,1312.2743,2330.456,0,90.0
2012-10-01,5230.338,22.15744,0.3273393,5661.757,316.33307,0,83.4
2012-11-01,4366.7886,21.937195,0.33735287,4865.8594,1598.9126,0,88.9
2012-12-01,2988.6318,22.42035,0.29222298,3576.3208,1312.2743,0,64.0
2013-01-01,1660.952,24.021606,0.24222925,3578.8767,5661.757,0,36.4
2013-02-01,1344.9163,24.602112,0.23625687,4073.7253,4865.8594,0,33.1
2013-03-01,4692.5337,23.708252,0.277713,4604.6,3576.3208,0,56.0
2013-04-01,5740.7666,22.47409,0.34600994,5230.338,3578.8767,0,93.7
2013-05-01,3109.8193,22.349213,0.3150039,4366.7886,4073.7253,0,76.6
2013-06-01,2354.9053,22.218842,0.28051728,2988.6318,4604.6,0,57.5
2013-07-01,2716.7202,21.775085,0.28552675,1660.952,5230.338,0,60.3
2013-08-01,4052.3997,21.393158,0.32932585,1344.9163,4366.7886,0,84.5
2013-09-01,4540.021,21.916473,0.32769775,4692.5337,2988.6318,0,83.6
2013-10-01,4007.7017,22.125122,0.3276852,5740.7666,1660.952,0,83.6
2013-11-01,4014.197,22.036285,0.3260129,3109.8193,1344.9163,0,82.6
2013-12-01,1801.7932,23.052673,0.2563032,2354.9053,4692.5337,0,44.1
2014-01-01,897.60406,24.590729,0.20381552,2716.7202,5740.7666,1,15.1
2014-02-01,1059.7614,25.260925,0.19559881,4052.3997,3109.8193,1,10.6
2014-03-01,3356.0654,24.16626,0.25873166,4540.021,2354.9053,0,45.5
2014-04-01,4124.891,22.964355,0.30916482,4007.7017,2716.7202,0,73.3
2014-05-01,4078.4353,22.644348,0.3156436,4014.197,4052.3997,0,76.9
2014-06-01,2915.847,22.281952,0.31192505,1801.7932,4540.021,0,74.8
2014-07-01,2593.0847,22.077179,0.29283008,897.60406,4007.7017,0,64.3
2014-08-01,4323.609,21.386383,0.33117306,1059.7614,4014.197,0,85.5
2014-09-01,3769.4912,21.850128,0.32597196,3356.0654,1801.7932,0,82.6
2014-10-01,5043.913,22.051605,0.33761033,4124.891,897.60406,0,89.0
2014-11-01,3578.5671,22.49762,0.31091684,4078.4353,1059.7614,0,74.3
2014-12-01,1368.218,23.48465,0.25374237,2915.847,3356.0654,0,42.7
2015-01-01,319.4246,24.745605,0.17641795,2593.0847,4124.891,1,0.0
2015-02-01,890.52374,25.826172,0.17930757,4323.609,4078.4353,1,1.6
2015-03-01,2716.1135,25.362976,0.2124081,3769.4912,2915.847,0,19.9
2015-04-01,5769.4473,22.260681,0.3414245,5043.913,2593.0847,0,91.1
2015-05-01,4420.8066,22.445984,0.3306912,3578.5671,4323.609,0,85.2
2015-06-01,4064.153,21.958313,0.33524725,1368.218,3769.4912,0,87.7
2015-07-01,2402.1826,22.387146,0.28615293,319.4246,5043.913,0,60.6
2015-08-01,2074.122,22.87918,0.28176856,890.52374,3578.5671,0,58.2
2015-09-01,2492.8105,23.28009,0.2785895,2716.1135,1368.218,0,56.4
2015-10-01,5784.486,22.713348,0.31431293,5769.4473,319.4246,0,76.2
2015-11-01,5788.5166,21.75113,0.34925225,4420.8066,890.52374,0,95.5
2015-12-01,2944.982,22.643005,0.30586964,4064.153,2716.1135,0,71.5
2016-01-01,1558.5603,24.426788,0.23412447,2402.1826,5769.4473,0,31.9
2016-02-01,693.07306,26.148224,0.18922856,2074.122,4420.8066,1,7.1
2016-03-01,2113.7632,25.93158,0.2241624,2492.8105,4064.153,0,26.4
2016-04-01,6323.442,23.092651,0.32794553,5784.486,2402.1826,0,83.7
2016-05-01,4151.435,22.61847,0.3346424,5788.5166,2074.122,0,87.4
2016-06-01,2091.1306,22.397644,0.28074396,2944.982,2492.8105,0,57.6
2016-07-01,2924.376,22.018616,0.29371214,1558.5603,5784.486,0,64.8
2016-08-01,2399.4602,22.3078,0.29431656,693.07306,5788.5166,0,65.1
2016-09-01,3269.1013,22.83023,0.27812222,2113.7632,2944.982,0,56.2
2016-10-01,2732.2275,23.343018,0.2852875,6323.442,1558.5603,0,60.1
2016-11-01,3401.9968,23.175964,0.28738192,4151.435,693.07306,0,61.3
2016-12-01,1054.2852,24.193268,0.23130862,2091.1306,2113.7632,1,30.3
2017-01-01,753.6583,25.35373,0.17853215,2924.376,6323.442,1,1.2
2017-02-01,2100.9287,24.864136,0.21905218,2399.4602,4151.435,0,23.5
2017-03-01,2593.2122,24.51181,0.25814793,3269.1013,2091.1306,0,45.1
2017-04-01,3600.1821,23.986115,0.27495602,2732.2275,2924.376,0,54.4
2017-05-01,3768.6572,22.685364,0.31946486,3401.9968,2399.4602,0,79.0
2017-06-01,2300.0706,22.96817,0.28072715,1054.2852,3269.1013,0,57.6
2017-07-01,3685.1975,21.888916,0.31358784,753.6583,2732.2275,0,75.8
2017-08-01,4083.5947,21.909393,0.32625282,2100.9287,3401.9968,0,82.8
2017-09-01,4654.169,22.07013,0.33918878,2593.2122,1054.2852,0,89.9
2017-10-01,3938.0415,22.591492,0.3239226,3600.1821,753.6583,0,81.5
2017-11-01,3873.7368,22.306732,0.31687024,3768.6572,2100.9287,0,77.6
2017-12-01,1102.8916,24.14618,0.22346354,2300.0706,2593.2122,1,26.0
2018-01-01,954.9617,24.362091,0.19386303,3685.1975,3600.1821,1,9.6
2018-02-01,1613.5764,25.428589,0.19907556,4083.5947,3768.6572,0,12.5
2018-03-01,4340.533,22.835846,0.31898072,4654.169,2300.0706,0,78.7
2018-04-01,6854.9736,21.709808,0.35460502,3938.0415,3685.1975,0,98.4
2018-05-01,4724.3076,21.92517,0.35057238,3873.7368,4083.5947,0,96.2
2018-06-01,3077.1968,21.637726,0.32276034,1102.8916,4654.169,0,80.8
2018-07-01,1689.2139,21.884247,0.27829632,954.9617,3938.0415,0,56.3
2018-08-01,3584.1055,21.813202,0.30141345,1613.5764,3873.7368,0,69.0
2018-09-01,2710.9785,22.581635,0.30529046,4340.533,1102.8916,0,71.2
2018-10-01,4200.7173,22.637848,0.31227803,6854.9736,954.9617,0,75.0
2018-11-01,2860.1294,23.236328,0.29554453,4724.3076,1613.5764,0,65.8
2018-12-01,2687.7644,23.122711,0.2714611,3077.1968,4340.533,0,52.5
2019-01-01,1253.8352,24.662659,0.22127365,1689.2139,6854.9736,0,24.8
2019-02-01,1048.0425,25.725647,0.19460525,3584.1055,4724.3076,1,10.0
2019-03-01,1723.83,25.512451,0.21792144,2710.9785,3077.1968,0,22.9
2019-04-01,4018.7188,24.338562,0.27468595,4200.7173,1689.2139,0,54.3
2019-05-01,4899.068,22.831238,0.3235247,2860.1294,3584.1055,0,81.3
2019-06-01,5013.756,21.672821,0.34736153,2687.7644,2710.9785,0,94.4
2019-07-01,3283.1318,21.754303,0.32854834,1253.8352,4200.7173,0,84.0
2019-08-01,3921.8838,21.882141,0.32726774,1048.0425,2860.1294,0,83.3
2019-09-01,4354.106,22.308838,0.33132184,1723.83,2687.7644,0,85.6
2019-10-01,6860.629,21.435394,0.35745654,4018.7188,1253.8352,0,100.0
2019-11-01,4138.1484,22.207947,0.33786315,4899.068,1048.0425,0,89.2
2019-12-01,3995.182,22.202759,0.32775933,5013.756,1723.83,0,83.6
2020-01-01,2338.776,23.745087,0.25104553,3283.1318,4018.7188,0,41.2
2020-02-01,2344.2231,24.20404,0.27358934,3921.8838,4899.068,0,53.7
2020-03-01,4620.6865,23.774414,0.30693564,4354.106,5013.756,0,72.1
2020-04-01,4708.5376,23.24414,0.31050912,6860.629,3283.1318,0,74.1
2020-05-01,4241.519,22.555023,0.3339787,4138.1484,3921.8838,0,87.0
2020-06-01,3577.5447,21.985016,0.32540688,3995.182,4354.106,0,82.3
2020-07-01,3437.5566,21.482513,0.32335293,2338.776,6860.629,0,81.2
2020-08-01,3991.9944,21.949768,0.32165214,2344.2231,4138.1484,0,80.2
2020-09-01,5246.691,21.858795,0.3395167,4620.6865,3995.182,0,90.1
2020-10-01,5570.899,21.85028,0.3472179,4708.5376,2338.776,0,94.3
2020-11-01,4466.499,22.104462,0.33298302,4241.519,2344.2231,0,86.5
2020-12-01,1565.0375,22.99237,0.26195824,3577.5447,4620.6865,0,47.2
2021-01-01,1420.0366,23.878876,0.22623122,3437.5566,4708.5376,0,27.5
2021-02-01,1112.3364,24.993744,0.20360185,3991.9944,4241.519,1,15.0
2021-03-01,2226.1755,24.581085,0.22917144,5246.691,3577.5447,0,29.1
2021-04-01,4078.6497,23.090576,0.29772213,5570.899,3437.5566,0,67.0
2021-05-01,4699.928,22.19336,0.33187962,4466.499,3991.9944,0,85.9
2021-06-01,1736.5549,22.419281,0.26880834,1565.0375,5246.691,0,51.0
2021-07-01,2298.3857,21.786133,0.28849193,1420.0366,5570.899,0,61.9
2021-08-01,2753.5176,22.21936,0.29114676,1112.3364,4466.499,0,63.4
2021-09-01,5025.053,21.936066,0.33083713,2226.1755,1565.0375,0,85.3
2021-10-01,3663.4973,22.917175,0.31377843,4078.6497,1420.0366,0,75.9
2021-11-01,1989.9436,23.553986,0.25413516,4699.928,1112.3364,0,42.9
2021-12-01,1781.9858,24.178894,0.22984825,1736.5549,2226.1755,0,29.5
2022-01-01,1356.8845,24.015137,0.22480424,2298.3857,4078.6497,0,26.7
2022-02-01,1125.4354,24.69571,0.2017708,2753.5176,4699.928,1,14.0
2022-03-01,2110.4292,25.030426,0.21633531,5025.053,1736.5549,0,22.0
2022-04-01,4975.696,23.221039,0.29466102,3663.4973,2298.3857,0,65.3
2022-05-01,3717.436,22.614624,0.3139972,1989.9436,2753.5176,0,76.0
2022-06-01,1635.4808,22.010773,0.28722566,1781.9858,5025.053,0,61.2
2022-07-01,2123.7952,22.119934,0.25236315,1356.8845,3663.4973,0,41.9
2022-08-01,4273.052,21.41449,0.32363003,1125.4354,1989.9436,0,81.3
2022-09-01,1962.4742,21.903625,0.3261048,2110.4292,1781.9858,0,82.7
2022-10-01,1345.9946,23.00122,0.28678495,4975.696,1356.8845,0,61.0
2022-11-01,2393.412,22.275177,0.3030937,3717.436,1125.4354,0,70.0
2022-12-01,1459.3761,22.55841,0.27715722,1635.4808,2110.4292,0,55.6
2023-01-01,414.96588,24.082489,0.20125434,2123.7952,4975.696,1,13.7
2023-02-01,522.83954,25.435516,0.17798065,4273.052,3717.436,1,0.9
2023-03-01,2885.704,22.855438,0.30339015,1962.4742,1635.4808,0,70.1
2023-04-01,2886.0461,22.752106,0.31977972,1345.9946,2123.7952,0,79.2
2023-05-01,1358.3363,23.19223,0.31130016,2393.412,4273.052,0,74.5
2023-06-01,1720.7401,22.643463,0.29340944,1459.3761,1962.4742,0,64.6
2023-07-01,752.2633,22.815643,0.2708747,414.96588,1345.9946,1,52.2
2023-08-01,1053.7562,23.434357,0.26188505,522.83954,2393.412,1,47.2
2023-09-01,2262.0906,23.032898,0.30784437,2885.704,1459.3761,0,72.6
2023-10-01,2367.2285,23.228119,0.31579676,2886.0461,414.96588,0,77.0
2023-11-01,3670.5837,22.205261,0.3412644,1358.3363,522.83954,0,91.1
2023-12-01,1425.1302,23.549713,0.27686226,1720.7401,2885.704,0,55.5
2024-01-01,813.8667,24.48529,0.22334763,752.2633,2886.0461,1,25.9
2024-02-01,957.7422,25.27481,0.21407627,1053.7562,1358.3363,1,20.8
2024-03-01,2522.0361,25.729553,0.23760149,2262.0906,1720.7401,0,33.8
2024-04-01,5457.232,23.359894,0.3264448,2367.2285,752.2633,0,82.9
2024-05-01,3323.17,23.613464,0.31063172,3670.5837,1053.7562,0,74.1
2024-06-01,1706.0463,23.370453,0.26393005,1425.1302,2262.0906,0,48.3
2024-07-01,3367.3933,22.587128,0.28363314,813.8667,2367.2285,0,59.2
2024-08-01,3757.0022,22.25415,0.3205918,957.7422,3670.5837,0,79.6
2024-09-01,3285.4668,23.179932,0.29461563,2522.0361,1425.1302,0,65.3
2024-10-01,4096.2847,22.851044,0.31852612,5457.232,813.8667,0,78.5
2024-11-01,5089.0146,22.580109,0.31598145,3323.17,957.7422,0,77.1
2024-12-01,1722.4355,23.438293,0.26027086,1706.0463,2522.0361,0,46.3
2025-01-01,795.28656,24.773102,0.19549185,3367.3933,5457.232,1,10.5
2025-02-01,472.98965,26.28775,0.17929257,3757.0022,3323.17,1,1.6
2025-03-01,3089.4966,25.028778,0.2323021,3285.4668,1706.0463,0,30.9
2025-04-01,4752.928,23.18982,0.31766132,4096.2847,3367.3933,0,78.0
2025-05-01,3648.0596,22.734985,0.31933984,5089.0146,3757.0022,0,78.9
2025-06-01,1716.5159,22.838928,0.2694104,1722.4355,3285.4668,0,51.4
2025-07-01,3079.6929,22.125488,0.29808682,795.28656,4096.2847,0,67.2
2025-08-01,4335.8457,21.61206,0.32084048,472.98965,5089.0146,0,79.8
2025-09-01,3322.2861,22.744873,0.3051761,3089.4966,1722.4355,0,71.1
2025-10-01,4916.122,22.385284,0.3255123,4752.928,795.28656,0,82.4
2025-11-01,1931.9854,23.301025,0.28222427,3648.0596,472.98965,0,58.4
2025-12-01,2038.8597,23.61969,0.2227443,1716.5159,3089.4966,0,25.6
2026-01-01,655.5265,25.031769,0.19353764,3079.6929,4752.928,1,9.5
2026-02-01,3196.626,23.757568,0.24770461,4335.8457,3648.0596,0,39.4
2026-03-01,4624.353,22.861847,0.30892676,3322.2861,1716.5159,0,73.2
2026-04-01,3911.152,23.321075,0.3095021,4916.122,3079.6929,0,73.5
