date,arabica_usd,robusta_usd,arabica_ma3,robusta_ma3,arabica_pct_change,robusta_pct_change,arabica_volatility,robusta_volatility,ugx_per_usd,arabica_ugx,robusta_ugx
2005-09-01,2.193376438,1.033305394,2.3341046813333333,1.1516934880000003,-8.049907578558225,-9.813353857994988,8.73115741561063,9.631801645977877,1848.8461904761903,4055.2156716765357,1910.422741295399
2005-10-01,2.31595331,1.047855886,2.2982428626666667,1.0756340980000003,5.5885013569202835,1.4081502026882742,8.759319965767666,9.069871082122281,1855.36525,4296.939291996478,1944.1553978923616
2005-11-01,2.375257588,1.13427699,2.2948624453333335,1.0718127566666669,2.560685387910544,8.247422680412363,8.23755966282693,9.156624404109822,1834.4704761904761,4357.339918533402,2080.7976499772
2005-12-01,2.331826574,1.243185218,2.3410124906666665,1.1417726980000003,-1.8284759606460144,9.601554907677357,7.078569241642657,8.97484563847213,1816.1345238095237,4234.910744577883,2257.791593899469
2006-01-01,2.73813804,1.397508618,2.481740734,1.258323608666667,17.42460054835966,12.413548501507353,8.625544484539983,9.215191508301887,1819.1212500000001,4981.005093997351,2542.237624061933
2006-02-01,2.626143344,1.388469676,2.565369319333333,1.3430545040000001,-4.090177133655393,-0.6467897144660117,7.981579927335035,9.094111476969903,1815.8415789473684,4768.660276311082,2521.240968788381
2006-03-01,2.505771092,1.31395352,2.623350825333333,1.3666439380000002,-4.583613163196776,-5.366783105747841,7.181532740266464,7.884822515309836,1820.9432894736574,4562.867054934478,2392.6348449242914
2006-04-01,2.544572404,1.33489741,2.5588289466666665,1.3457735353333335,1.5484779165933604,1.593959731543615,7.160432614716104,7.882243997337677,1827.481111111111,4650.158004164591,2439.4998020461444
2006-05-01,2.410972432,1.324535696,2.4871053093333333,1.3244622086666669,-5.250389880436678,-0.7762180016515186,7.27884917703277,7.406011537080355,1836.3419047619047,4427.3697081073215,2432.3004029177755
2006-06-01,2.27406553,1.327842626,2.409870122,1.3290919106666668,-5.6784930504754865,0.24966711051930268,7.282366843926506,7.142515433727157,1859.9492857142857,4229.646558190979,2469.7199437696813
2006-07-01,2.314851,1.421759438,2.333296320666667,1.3580459200000004,1.7935046049442516,7.072887265482319,6.841120428957633,7.2831954223777755,1857.7164285714284,4300.336732395,2641.225865449081
2006-08-01,2.463221926,1.622379858,2.350712818666667,1.4573273073333335,6.4095238095238205,14.110714839509985,7.077175945034713,7.218793994454051,1847.7396739130434,4551.392878322699,2997.7356297840097
2006-09-01,2.421334146,1.699982482,2.3998023573333334,1.5813739260000002,-1.70052805871298,4.783258594917794,6.602322584374241,5.949542907839099,1854.6766666666667,4490.79194278946,3152.917843107487
2006-10-01,2.438971106,1.657212854,2.441175726,1.6598583980000001,0.7283984339433669,-2.5158863960575872,6.443496866227976,6.229634264178652,1843.4265,4496.063969534709,3054.950091204231
2006-11-01,2.695588874,1.692927698,2.5186313753333334,1.6833743446666667,10.5215583476453,2.155115072502345,7.044274042043236,6.104699371661499,1818.8513636363639,4902.87549927791,3079.1838520450706
2006-12-01,2.831613928,1.690282154,2.6553913026666667,1.680140902,5.04620920912735,-0.15627034770153703,7.048521515022293,5.871684327124025,1775.333157894737,5027.058096734961,3000.813954193938
2007-01-01,2.745413286,1.744515806,2.7575386959999997,1.709241886,-3.044222983494238,3.208556149732611,5.159840917932184,5.0351630425484375,1792.2788095238097,4920.54605588293,3126.6587119731494
2007-02-01,2.690297786,1.743413496,2.755775,1.7260704853333335,-2.0075483819160023,-0.06318716036900485,5.038151116025523,5.010283885077795,1751.68275,4712.5482240993915,3053.907347060394
2007-03-01,2.581169096,1.6975574,2.6722933893333334,1.7284955673333335,-4.056379578792102,-2.6302478502782,4.99364836977589,4.6956761829535925,1750.6764285714287,4518.791894524223,2971.873726327
2007-04-01,2.52649452,1.754436596,2.5993204673333334,1.7318024973333337,-2.1182097710966907,3.3506493506493484,5.026334119224681,4.700653037127591,1728.8907894736844,4368.033105283737,3033.2292715399635
2007-05-01,2.496511688,1.849896642,2.534725101333333,1.7672968793333335,-1.186736474694583,5.441065594370453,4.766686003014157,4.661324316988702,1695.1527272727274,4231.968596581441,3135.8573378589604
2007-06-01,2.630773046,2.043241816,2.5512597513333333,1.8825250180000002,5.377958318615317,10.451674413061607,4.550228594669702,5.045129791380495,1643.5733333333333,4323.868424457706,3358.217762329173
2007-07-01,2.593294506,2.039493962,2.573526413333333,1.9775441400000002,-1.4246207994636717,-0.18342684505827656,4.613764738332277,5.04778130592902,1652.869772727273,4286.378100747105,3371.017921449585
2007-08-01,2.715871378,1.927719728,2.64664631,2.0034851686666673,4.726685369378569,-5.48048859582747,4.458875590267748,4.2973657610950085,1737.4304347826087,4718.637589092183,3349.278925158052
2007-09-01,2.822795448,2.045446436,2.710653777333333,2.0042200420000005,3.937007874015741,6.107044830741093,4.456361021211233,4.404133512071506,1762.8302500000002,4976.109205296702,3605.7748521354897
2007-10-01,2.960584198,2.00840882,2.8330836746666663,1.9938583280000006,4.88128709778195,-1.8107350722138427,4.561592313278831,4.347982978311502,1747.1716666666669,5172.6488275266565,3509.034985387434
2007-11-01,2.8880522,2.041257658,2.8904772820000004,2.031704304666667,-2.4499218110060172,1.6355653128430347,3.7515652323371196,4.345615930220069,1707.7287499999998,4932.00977344075,3485.914388724267
2007-12-01,3.033116196,2.014802218,2.960584198,2.0214895653333333,5.022900763358762,-1.2960362890161115,3.749081811335553,4.400927101463118,1711.6133333333335,5191.5221226228805,3448.562340358373
2008-01-01,3.083381532,2.187203502,3.001516642666667,2.081087792666667,1.6572176188399457,8.556734872524352,3.57069017544648,4.832592278170401,1710.585681818182,5274.388300221811,3741.398993743785
2008-02-01,3.467646798,2.54523379,3.1947148419999998,2.2490798366666667,12.462462462462454,16.369317609112,4.712411490117131,6.298603082684014,1707.829761904762,5922.150405398151,4346.826017567656
2008-03-01,3.304504918,2.687872704,3.2851777493333336,2.4734366653333333,-4.704685612562775,5.604157644001728,4.7941141917520085,6.027488852432902,1684.2555263157894,5565.630669879205,4527.064455745364
2008-04-01,3.10190034,2.453521598,3.291350685333333,2.5622093640000005,-6.131162852758698,-8.71883202099738,5.240506167861272,7.0732799783122005,1686.6834090909092,5231.92384013145,4138.314173192815
2008-05-01,3.12945809,2.400390256,3.178621116,2.5139281860000002,0.8884150675195546,-2.1655135232276024,5.1649774129189705,7.180170325075075,1647.6807142857142,5156.347741058406,3955.0767315705484
2008-06-01,3.22205213,2.454623908,3.1511368533333335,2.436178587333334,2.9587883057414555,2.2593681116825692,5.068315821576939,6.722206871548667,1600.7397368421052,5157.666878667745,3929.2140285382598
2008-07-01,3.248728032,2.540383626,3.200079417333333,2.4651325966666673,0.8279165241190656,3.4938027663014237,4.978186808921245,6.710371070637149,1633.9402173913043,5308.227386851304,4150.83497412375
2008-08-01,3.228225066,2.481520272,3.233001742666666,2.4921759353333335,-0.631107491856675,-2.3171049205935934,4.952228269324886,6.444683212364876,1623.6190476190477,5241.407707158857,4029.043580672
2008-09-01,3.158559074,2.323228556,3.211837390666666,2.448377484666667,-2.1580277265587644,-6.378820184790335,4.998609739587639,6.775325295449598,1645.01075,5195.863631240045,3821.735949326977
2008-10-01,2.724689858,1.957041174,3.0371579993333335,2.253930000666667,-13.736302086968655,-15.762004175365352,6.3959734123808305,8.362877653352681,1838.6629545454546,5009.786304530316,3598.339107153945
2008-11-01,2.687211318,2.000913112,2.8568200833333335,2.0937276140000005,-1.375515818431905,2.241748338402627,6.373668911221078,8.374774385595577,1910.1299999999999,5132.92295485134,3822.0041626245597
2008-12-01,2.622836414,1.819031962,2.6782458633333337,1.925662082666667,-2.3956025925014446,-9.089907448215085,6.15483066229973,8.78966807825622,1956.18875,5130.763086157142,3558.3698599548275
2009-01-01,2.82852746,1.824102588,2.7128583973333336,1.881349220666667,7.842313188198702,0.27875409041329124,6.640010342166751,8.327614235580443,1975.97,5589.0854051362,3604.37199081036
2009-02-01,2.854541976,1.768546164,2.7686352833333334,1.8038935713333337,0.919719407638353,-3.0456852791878153,5.287901942251636,6.229330287024411,1964.83275,5608.697560694514,3474.897422914071
2009-03-01,2.833377624,1.682345522,2.838815686666667,1.758331424666667,-0.7414272474513428,-4.874096235352776,5.190692267868946,5.651810457678172,2051.5452272727275,5812.802341578541,3451.4079262827454
2009-04-01,2.973591456,1.665149486,2.887170352,1.7053470573333336,4.948646125116696,-1.0221465076660996,5.208401303580671,5.4606487870120555,2175.61025,6469.376050986024,3622.7162895238316
2009-05-01,3.328755738,1.667133644,3.045241606,1.6715428840000002,11.943950177935946,0.11915795048325073,6.288315510302886,5.532947969662556,2247.6825,7481.986019077184,3747.1871167800296
2009-06-01,3.302300298,1.626789098,3.201549164,1.6530240760000003,-0.7947546195112176,-2.41999471039408,6.259045847433782,5.300802559542404,2137.1794999999997,7057.60849972949,3476.7403110690902
2009-07-01,3.10630958,1.580271616,3.2457885386666665,1.6247314526666672,-5.934975632552241,-2.8594660523105997,6.515019894007601,4.867614991478143,2110.766304347826,6556.693592336847,3335.584078770087
2009-08-01,3.301638912,1.59504257,3.2367495966666664,1.600701094666667,6.288147622427265,0.9347098214285587,6.772202436391011,5.042661447991898,2071.6688095238096,6839.902354300526,3304.3999421316976
2009-09-01,3.274522086,1.627450484,3.2274901926666666,1.600921556666667,-0.8213141025640969,2.0317899101589543,6.73719533958161,5.187043684893788,1961.9036363636362,6424.29678787644,3192.9010225613597
2009-10-01,3.407681134,1.620616162,3.327947377333333,1.614369738666667,4.0665185484414,-0.41994039555676155,5.067722362913192,3.2144014259811713,1898.282619047619,6468.74186792868,3076.38749247226
2009-11-01,3.355652102,1.531769976,3.345951774,1.5932788740000001,-1.5268163291712544,-5.4822473132907,5.077051390205648,3.167750334824292,1873.77825,6287.7479232943815,2870.197265031822
2009-12-01,3.4868159689,1.5407207332,3.4167164016333333,1.564368957066667,3.9087444977333963,0.5843408175014275,4.906089912985519,2.3736284927506275,1896.6370454545454,6613.224337298224,2922.188019287009
2010-01-01,3.50314118,1.544997696,3.448536416966667,1.5391628017333334,0.4681982429130205,0.27759494033139376,4.6313625733147195,2.3735562998124173,1935.626052631579,6780.7713340545315,2990.537791633364
2010-02-01,3.480213132,1.496496056,3.4900567603,1.5274048284000006,-0.6544996853366958,-3.1392694063926974,4.683461655562854,2.379786961496352,1996.536,6948.3708057107515,2987.8082496620164
2010-03-01,3.6265999,1.48260695,3.536651404,1.5080335673333336,4.2062587102496,-0.9281084266352324,4.660715299424454,2.1063576400553803,2086.3663636363635,7566.416045727,3093.2612709735
2010-04-01,3.731098888,1.576744224,3.6126373066666666,1.5186157433333338,2.8814589665653534,6.3494423791821575,4.586483610031696,2.9952563889995694,2083.004,7771.8939080995515,3284.3645255688957
2010-05-01,3.820165536,1.556682182,3.725954774666667,1.5386777853333335,2.3871425194989415,-1.2723713646532353,3.3723485356318723,2.999728219896064,2174.568333333333,8307.21100267696,3385.1117780414365
2010-06-01,4.20861958,1.695793704,3.9199613346666666,1.6097400366666672,10.16851338873499,8.936411273190759,4.17137160136072,3.980000038096578,2257.436,9500.68935019688,3828.145755982944
2010-07-01,4.480008302,1.879879474,4.169597806,1.7107851200000004,6.44840230487167,10.855434217368698,3.4704282615221627,4.831477245873777,2257.2863636363636,10112.6616490823,4243.4263019401
2010-08-01,4.664755458,1.822779816,4.451127779999999,1.7994843313333335,4.12381280448797,-3.0374105781634797,3.346640934114292,5.0109918765041925,2230.940714285714,10406.792873438702,4066.513704692622
2010-09-01,4.909909202,1.791915136,4.6848909873333335,1.831524808666667,5.255446854766288,-1.693275278180928,3.1759806467074503,5.071794316535739,2251.303095238095,11053.693783800605,4034.1440920807922
2010-10-01,4.798134968,1.879879474,4.790933209333333,1.831524808666667,-2.276503075748715,4.90895669291338,3.572210011447525,5.176101796383847,2264.820954272555,10866.916616954275,4257.590424222069
2010-11-01,5.147346776,2.029132248,4.951796982,1.900308952666667,7.2780738834772984,7.939486337516111,3.472120136654208,5.009857135419945,2288.8728571428574,11781.622321888195,4644.425726000469
2010-12-01,5.471205454,2.074326958,5.138895732666667,1.994446226666667,6.291759465478841,2.2272924815297745,3.5534057103206953,4.97562181081488,2303.929347826087,12605.27081345675,4779.10275552301
2011-01-01,5.815126174,2.228650358,5.477892801333333,2.110703188,6.286013619696185,7.439685407588481,3.440454868018511,5.097340609963901,2333.1349999999998,13567.47440597549,5199.742153012329
2011-02-01,6.346880518,2.41075197,5.877737381999999,2.2379097620000006,9.14433028775068,8.170936788999917,3.3004585267266173,4.855403495197811,2341.9272222222226,14863.93226129608,5645.805664568851
2011-03-01,6.439033634,2.604317606,6.200346775333333,2.4145733113333336,1.4519434506235163,8.029263831732948,3.466164644444326,4.6880470108906085,2393.3130476190477,15410.623210310092,6232.947306583802
2011-04-01,6.616505544,2.587562494,6.467473232000001,2.5342106900000005,2.756188584928254,-0.6433590112587706,3.4731535700630323,4.920933042777813,2367.5892105263156,15665.16713736195,6126.285042356964
2011-05-01,6.417428358,2.689195476,6.490989178666666,2.627025192,-3.0087964814074275,3.927749850898854,4.1226897503293545,4.60216314738908,2387.6840476190473,15322.791317134697,6420.949138974511
2011-06-01,6.062264076,2.60034929,6.3653993259999995,2.62570242,-5.53437081315058,-3.3038202984095766,4.6197102090655395,4.935552514866699,2461.0385,14919.465288202926,6399.559716137665
2011-07-01,5.908822524,2.485268126,6.129504986000001,2.5916042973333338,-2.531093170412402,-4.425604069520994,4.767866483253489,4.902638972072274,2587.2283333333335,15287.47305073098,6429.9561115174365
2011-08-01,5.962174328,2.470717634,5.977753642666666,2.5187783500000003,0.9029176927094928,-0.5854697063780612,4.754880305970385,4.699504675461134,2753.2327272727275,16415.25348555488,6802.460649778641
2011-09-01,6.060059456,2.338219972,5.977018769333333,2.4314019106666667,1.6417689690874315,-5.362719728740961,4.654949161278844,5.110360965056224,2814.0187683307863,17053.121046384455,6579.794885693886
2011-10-01,5.463489284,2.16273222,5.828574356,2.3238899420000005,-9.844295692665906,-7.505185743918541,5.669415910947277,5.762423540597317,2805.3659749066933,15327.08694160093,6067.255382822417
2011-11-01,5.403303158,2.143772488,5.642283966,2.214908226666667,-1.1016060043579912,-0.8766564729867476,5.365500999249259,5.392686439954819,2582.177272727273,13952.2866122431,5535.6005964116
2011-12-01,5.218556002,2.169566542,5.3617828146666655,2.158690416666667,-3.419152148190463,1.2032085561497263,5.146644317789446,5.372503287815607,2446.9142857142856,12769.359232093828,5308.743365427543
2012-01-01,5.229508955,2.132308464,5.283789371666667,2.148549164666667,0.20988474581480343,-1.7173051519154714,4.724437738342486,4.930196385174518,2414.1930952380953,12625.044410646788,5147.804370706548
2012-02-01,4.941876192,2.247169166,5.129980383,2.1830147240000004,-5.500186833507403,5.386683209263854,3.711249437246428,4.5482057816572325,2327.9692857142854,11504.535988778673,5231.340798252187
2012-03-01,4.437018212,2.283324934,4.869467786333333,2.2209341879999998,-10.21591720199857,1.6089473167860247,4.218925800082644,3.765246335914963,2485.018095238095,11026.070545720979,5674.103778298329
2012-04-01,4.22074499,2.24430316,4.5332131313333335,2.2582657533333337,-4.8742919606479145,-1.7089890895046866,3.8349094150967566,3.768006335186438,2506.2126315789474,10578.084408611558,5624.700928684547
2012-05-01,4.07083083,2.356297856,4.242864677333333,2.2946419833333334,-3.5518412118046405,4.990176817288794,3.8304195673544634,3.907134436545497,2479.052946037369,10091.805161931248,5841.387141658336
2012-06-01,3.718973478,2.33028334,4.003516432666667,2.3102947853333338,-8.643379366368809,-1.104041916167664,4.067178183335143,3.8415369896590046,2484.357619047619,9239.260095105325,5789.257170268733
2012-07-01,4.19869879,2.360266172,3.9961676993333337,2.3489491226666668,12.89940126859921,1.2866603595080628,6.3445948770395,3.7086456448666762,2474.1802272727273,10388.337526491925,5839.723893863091
2012-08-01,3.85421253704,2.34838039461,3.9239616016800003,2.3463099688700004,-8.20459552327163,-0.50357783927093,6.428425426637243,3.708279186974071,2492.038128950462,9604.844599382575,5852.253484647852
2012-09-01,3.945828876,2.31374869,3.99958006768,2.3407984188700004,2.377044288023633,-1.4747059160213793,6.483944849100104,3.3872646193101406,2515.877,9927.220115064252,5821.10711295113
2012-10-01,3.821047384,2.303166514,3.87369626568,2.321765199536667,-3.1623645100011255,-0.457360647927596,6.151325830201812,2.4576124128187558,2579.4281129554893,9856.117043224629,5940.852455029292
2012-11-01,3.525407842,2.153252354,3.7640947006666665,2.256722519333334,-7.7371336256635175,-6.5090456590408685,6.284940192255946,3.185486800433312,2622.9527272727273,9246.97811392256,5647.87913443072
2012-12-01,3.367336588,2.129442458,3.571263938,2.195287108666667,-4.483772121818519,-1.1057643083853819,6.2939970532379625,3.1814289372855336,2673.477061693551,9002.49712701943,5693.015565659333
2013-01-01,3.467646798,2.197785678,3.4534637426666666,2.160160163333334,2.978918423464716,3.2094419712185296,6.486482302114885,3.271631942136334,2683.7892857142856,9306.43332311385,5898.393654912707
2013-02-01,3.295025052,2.293466186,3.3766694793333336,2.2068981073333336,-4.978065992752234,4.353495837094989,6.471211714023169,3.13644312040086,2657.549303012519,8756.691530351389,6094.99946408708
2013-03-01,3.302079836,2.342629212,3.354917228666667,2.277960358666667,0.2141041081225703,2.1436124194943673,6.1245581041430945,3.161734244587428,2636.8915789473685,8707.226512560308,6177.259241718909
2013-04-01,3.302741222,2.241657616,3.299948703333333,2.2925843379999997,0.020029376418739808,-4.310182571052135,6.097821134508238,3.3899310178588618,2578.011692639814,8514.505488079507,5779.01954494309
2013-05-01,3.24489391026,2.18643667765,3.283238322753333,2.256907835216667,-1.7514939213121306,-2.4633975302854494,6.074405955443316,3.068744822799899,2586.113487615457,8391.663907204646,5654.3733818877945
2013-06-01,3.0480965889,2.0014752901,3.198577240386667,2.14318986125,-6.064830678677923,-8.459489791801245,5.848078810888641,3.8248368141737954,2593.0815059426486,7903.962893003462,5189.988559359508
2013-07-01,3.05091610617,2.09895160487,3.11463553511,2.0956211908733335,0.09250091615427003,4.870223242432803,3.7893922769018213,4.1609832986066895,2588.900520484959,7898.518295219457,5433.976902320683
2013-08-01,2.979634119,2.072583304,3.02621560469,2.057670066323334,-2.3364125623068888,-1.2562605449701558,3.347365857592312,4.160265071064607,2578.871508110248,7684.093534082281,5344.926030870602
2013-09-01,2.91630283057,1.93514194867,2.9822843519133335,2.0355589525133335,-2.1254719841661274,-6.631403189668861,3.0420884406682998,4.473374212785307,2568.8642140883708,7491.585978895894,4971.116901119598
2013-10-01,2.83734594,1.84526694,2.911094296523333,1.950997397556667,-2.7074311262307194,-4.644362587032436,3.0351558087399617,4.556978261866554,2534.3918437899797,7190.946408346614,4676.6294823512935
2013-11-01,2.69003533124,1.75721861648,2.81456136727,1.8458758350500002,-5.191845191778066,-4.771576491800145,2.699106695524795,4.416903414623575,2523.272621430863,6787.692501999595,4433.941624832604
2013-12-01,2.777159814,1.937640518,2.768180361746667,1.8467086914933335,3.23878581623831,10.267470411929436,3.0067598727063953,5.593487551700299,2512.9372610108376,6978.8283763825275,4869.16905612654
2014-01-01,2.926192126,1.934113126,2.79779575708,1.876324086826667,5.366357069143457,-0.18204573899192056,3.3884968552654153,5.465462721892972,2499.9038907653326,7315.199080914281,4835.0969288677
2014-02-01,3.828102168,2.11423058,3.1771513693333335,1.995328074666667,30.821969411587435,9.312663855009706,9.73051470846128,6.056316118961388,2471.9617877433748,9462.92227887357,5226.297204238513
2014-03-01,4.719870958,2.323008094,3.8247217506666664,2.1237839333333337,23.295323658143264,9.87486965589155,11.538220242206332,6.737261135050311,2534.215691310726,11961.171042725387,5887.003562856622
2014-04-01,4.926884776,2.32697641,4.491619300666667,2.2547383613333336,4.386005885375321,0.1708266109898382,11.48534123966361,6.591151009250894,2529.787006975173,12463.969091188585,5886.754687555733
2014-05-01,4.72229604,2.270538138,4.789683924666666,2.306840880666667,-4.15249686772865,-2.425390810042627,11.613299736923638,6.589602689149114,2532.3858528510123,11958.675684670357,5749.87865902988
2014-06-01,4.362722518,2.180589642,4.670634444666667,2.259368063333334,-7.614379084967315,-3.9615496650160176,11.739895668623848,6.145984734119013,2580.862271485874,11259.58594766805,5627.801536630689
2014-07-01,4.34089678,2.244082698,4.475305112666667,2.2317368260000006,-0.5002779321845563,2.91173794358508,11.757181727988804,6.055887942500082,2633.51535669946,11431.818331977236,5909.826246886557
2014-08-01,4.695179214,2.21013155,4.466266170666667,2.2116012966666667,8.161503301168116,-1.512918754298076,11.670423131327205,6.063958098260863,2612.507067773632,12266.188881038848,5773.984295084492
2014-09-01,4.641386486,2.216084024,4.55915416,2.2234327573333337,-1.1457012724797044,0.2693266832917818,11.623841038068557,5.616093457289897,2618.796150304579,12154.845061612497,5803.472310802681
2014-10-01,4.966788398,2.30823714,4.767784699333334,2.2448175713333334,7.01087730964709,4.158376442499012,11.412934435616371,5.34066678594411,2680.508661419672,13313.51932027774,6187.249646380573
2014-11-01,4.616033356,2.272081372,4.741402746666666,2.2654675120000007,-7.062008966221322,-1.5663801337153727,11.580856124429914,5.042536634167739,2734.22225,12621.26110871737,6212.375441132927
2014-12-01,4.339133084,2.197344754,4.640651612666667,2.259221088666667,-5.998662718502235,-3.289346012031835,12.018231442580978,4.587572843603474,2768.794799180517,12014.16911593132,6083.996726881793
2015-01-01,4.188778,2.160748062,4.381314813333334,2.210058062666667,-3.46509501066965,-1.6654961372529309,12.221078484963806,4.646244917372876,2860.71175,11982.8864427415,6181.277369753128
2015-02-01,3.943844718,2.168464232,4.157251934,2.1755190160000004,-5.847368421052634,0.35710641771247165,8.956198468909186,3.8436011880999716,2868.8475,11314.289059622504,6220.993190812619
2015-03-01,3.543706188,2.031777792,3.8921096353333335,2.120330028666667,-10.145899714908602,-6.303375355835694,5.945317683996239,2.889939544617276,2951.7368125515477,10460.088007986315,5997.273303571102
2015-04-01,3.6155768,2.029573172,3.7010425686666664,2.0766050653333337,2.028119945253204,-0.10850694444445308,5.743482165166639,2.8801322087114185,2995.578,10830.7423193904,6079.744743433416
2015-05-01,3.493881776,1.930365272,3.5510549213333333,1.9972387453333333,-3.3658536585365884,-4.888116445796231,5.726053111408715,3.06535808978762,3007.603,10508.209311142928,5805.7723831630165
2015-06-01,3.522100912,1.98966955,3.5438531626666667,1.983202664666667,0.8076728924785614,3.072179077204207,5.532158306464087,3.18046510985683,3199.90275,11270.380394086309,6366.749064636262
2015-07-01,3.40503559,1.920664944,3.473672759333333,1.9468999220000003,-3.323735603405109,-3.4681440443213196,5.539923106214196,3.0498750787785243,3360.0940909090914,11441.239965294151,6453.614928950641
2015-08-01,3.459489704,1.891123036,3.462208735333333,1.9338191766666668,1.599223049530596,-1.5381083562901798,4.724372920371076,3.050084572602265,3548.25119047619,12275.138460658123,6710.179563823946
2015-09-01,3.22205213,1.7967653,3.3621924746666667,1.8695177600000001,-6.8633698699974595,-4.989508043833069,4.87141437970004,3.1870476377895134,3667.5047619047623,11816.891529880382,6589.645293775238
2015-10-01,3.37858015,1.824984436,3.3533739946666663,1.8376242573333335,4.858022579541577,1.570552147239268,4.499242851635198,2.822337547194217,3636.024523809524,12284.60028105606,6635.688164866693
2015-11-01,3.262396676,1.802056388,3.287676318666667,1.8079353746666669,-3.4388254486133807,-1.256342111621167,4.324813477530242,2.8270985828833273,3428.9980952380956,11186.751987915093,6179.2479219636425
2015-12-01,3.277388092,1.747822736,3.3061216393333335,1.7916211866666671,0.45952155696715735,-3.0095424516760394,4.287225587456779,2.815508504145598,3362.4925691699605,11020.193105636114,5877.04096202631
2016-01-01,3.197360386,1.647071602,3.2457150513333333,1.732316908666667,-2.44181353423919,-5.7643794147325895,4.270457053783028,3.031164976080762,3451.208947368421,11034.758772124549,5684.388249778839
2016-02-01,3.25622374,1.632300648,3.243657406,1.6757316620000005,1.8409984141211977,-0.8968009637264074,4.24023363788234,2.955911014363036,3435.113961352657,11185.499630561964,5607.138745069789
2016-03-01,3.4722765,1.66669272,3.308620208666667,1.6486883233333336,6.635071090047395,2.1069692058346856,3.881156347873101,2.9167771280218338,3365.4968913043476,11685.93576649914,5609.249167919587
2016-04-01,3.399964964,1.767664316,3.3761550680000005,1.688885894666667,-2.082539682539686,6.058201058201074,3.8575446588462463,3.6532283695549643,3343.572077294686,11368.027917410633,5910.313049007811
2016-05-01,3.421349778,1.850337566,3.4311970806666667,1.7615648673333337,0.6289715990144051,4.676976802195054,3.7533388175428417,3.7886462822319107,3348.919254658385,11457.824148465392,6196.63110239513
2016-06-01,3.64754379,1.894650428,3.489619510666667,1.8375507700000002,6.611250724917839,2.394852853568441,4.226433554975646,3.738776540569233,3367.992602657005,12284.900502587496,6381.168626124929
2016-07-01,3.786655312,2.002235884,3.6185162933333337,1.9157412926666668,3.8138410395890165,5.678380265301364,4.160531034934814,3.968979281180281,3379.293388888889,12796.219261842592,6766.142485797301
2016-08-01,3.693620348,2.023620698,3.70927315,1.973502336666667,-2.456916627852823,1.0680466857520443,4.267996486460802,3.9231751355717552,3373.535,12460.55752069018,6826.75525142743
2016-09-01,3.88674506,2.135835856,3.7890069066666663,2.0538974793333336,5.228602124865711,5.545266368885482,3.7316477770254077,3.7234019419534845,3381.40619047619,13142.66380668675,7222.128585319412
2016-10-01,3.945387952,2.28508863,3.8419177866666665,2.1481817280000004,1.5087918321043725,6.988026424442628,3.591538281752831,4.045347299550914,3435.8483597883596,13555.754723607955,7851.218021356531
2016-11-01,4.059146344,2.286631864,3.9637597853333335,2.235852116666667,2.8833258828788733,0.0675349734683861,3.2733825043578704,3.9667748125882545,3560.623434343435,14453.091595875878,8141.83500067481
2016-12-01,3.566634236,2.24540547,3.8570561773333334,2.2723753213333335,-12.133391266565285,-1.8029309679907346,5.214949276679158,3.8393898188202416,3598.165978835979,12833.341966926853,8079.341570846212
2017-01-01,3.717209782,2.388044384,3.780996787333333,2.306693906,4.221782667820495,6.35247913598429,5.188861936914145,3.079139614677341,3609.4773015873016,13417.18433336728,8619.59199923103
2017-02-01,3.66738537,2.347699838,3.650409796,2.3270498973333336,-1.3403712709803672,-1.6894387001477162,5.244787575841055,3.181495528872562,3585.349546783626,13148.8584742104,8417.324550157293
2017-03-01,3.53069893,2.352990926,3.6384313606666665,2.3629117160000006,-3.7270814547640585,0.22537327448586275,5.106604751799005,3.280798396028046,3599.014113636364,12707.035280070808,8468.447551932297
2017-04-01,3.42597948,2.283545396,3.5413545933333332,2.32807872,-2.9659694036840434,-2.951372622505377,5.149679793859354,3.5296838397940604,3618.6972222222225,12397.582427666335,8263.459381323546
2017-05-01,3.30693,2.168464232,3.4212028033333333,2.268333518,-3.474903474903479,-5.0395829310677875,5.253065429776329,3.9966116844830712,3623.6065909090908,11983.013343674998,7857.661283225819
2017-06-01,3.157456764,2.24761009,3.2967887479999995,2.2332065726666666,-4.520000000000001,3.6498576657177706,4.922500008576471,4.041097577592004,3591.0985714285716,11338.738474547881,8071.389383327442
2017-07-01,3.299434292,2.313528228,3.2546070186666665,2.24320085,4.496578690127073,2.9328102010789614,4.9877216131482776,3.857024331225166,3601.5305000000003,11883.013235383907,8332.242475752955
2017-08-01,3.304284456,2.304268824,3.2537251706666663,2.2884690473333333,0.14699986636375062,-0.40022870211549044,4.97631050327168,3.887487926996756,3606.0317391304347,11915.354623451343,8309.266514832763
2017-09-01,3.231091072,2.186542116,3.27826994,2.2681130560000002,-2.2151054176674734,-5.1090700344431745,4.605802413577929,4.0087897125683805,3599.8660000000004,11631.494892996354,7871.258620956457
2017-10-01,3.102120802,2.169125618,3.2124987766666666,2.219978852666667,-3.991539301310043,-0.796531558782021,4.560589024165229,3.4073256300177808,3637.909523809524,11285.234809603438,7891.082744061419
2017-11-01,3.10630958,2.013479446,3.1465071513333336,2.12304906,0.13502949328405567,-7.175525968086182,4.364141105734325,3.9232903306343547,3638.8508080808083,11303.397125332156,7326.751309131198
2017-12-01,3.029588804,1.931026658,3.079339728666667,2.037877240666667,-2.469836763662181,-4.095039964962222,3.037034307477891,4.021373033121593,3623.2615789473684,10976.99271354231,6996.61469785454
2018-01-01,3.060233022,1.95439563,3.0653771353333332,1.9663005780000002,1.0114975986028174,1.2101838109373375,2.618076902007494,3.3671083895015887,3640.0530423280425,11139.410521963839,7114.103758894132
2018-02-01,3.004456136,1.967402888,3.0314259873333333,1.9509417253333334,-1.8226352568258775,0.665538635081786,2.6178287791189803,3.429673334163813,3637.5626023391815,10928.897280682082,7156.551169122901
2018-03-01,2.976898386,1.944033916,3.0138625146666667,1.9552774780000002,-0.9172292339301502,-1.1878081577767818,2.5362697122442355,3.392589880082606,3660.117861111111,10895.798953311438,7115.393258557377
2018-04-01,2.961686508,1.946899922,2.9810136766666666,1.952778908666667,-0.5109975560986357,0.14742572011794408,2.4955965585108246,3.392061789121915,3697.2425000000003,10950.073229054191,7198.161134865086
2018-05-01,2.989685182,1.956379788,2.9760900253333333,1.949104542,0.9453625130266596,0.4869210734911089,2.4515274424314004,3.203123929580155,3726.84303030303,11142.087383336946,7291.12037753352
2018-06-01,2.954852186,1.897516434,2.9687412920000003,1.9335987146666669,-1.165105818154999,-3.0087897227856653,2.164367830414999,2.925801202811496,3840.4767500000003,11348.041120019676,7287.367747519909
2018-07-01,2.87923372,1.861140204,2.9412570293333338,1.9050121420000001,-2.5591285533089536,-1.9170442662948761,1.544350548075717,2.5950521431062237,3760.4434391534387,10827.19555216335,6998.7124694764925
2018-08-01,2.760404702,1.780010188,2.864830202666667,1.8462222753333333,-4.127105666156206,-4.359156597962565,1.7101229224433943,2.6566935618443877,3729.5325,10295.019049261815,6638.60584647711
2018-09-01,2.671558516,1.69094354,2.7703989793333332,1.7773646440000002,-3.218592764156214,-5.003715630418637,1.7730399502560747,2.6459796538329443,3800.679416666667,10153.737462181747,6426.734307223468
2018-10-01,3.027825108,1.880981784,2.819929442,1.7839785040000002,13.335533916487874,11.238591916558027,4.527091642003198,4.679044745410738,3777.977727272727,11439.055820101139,7106.30728535772
2018-11-01,3.022754482,1.841298624,2.9073793686666662,1.8044079826666668,-0.16746759866026473,-2.1097046413502185,4.526423486767556,4.29192480443741,3739.772285353535,11304.41343721178,6886.037563094799
2018-12-01,2.80207202,1.710123734,2.95088387,1.8108013806666667,-7.300707461162559,-7.124042145593867,4.947799610329747,4.5909022098511985,3714.126783625731,10407.250739130257,6351.616363763445
2019-01-01,2.832054852,1.724894688,2.885627118,1.7587723486666669,1.0700236034618449,0.8637359804047895,4.949498030329364,4.577402695723919,3702.434090909091,10485.496431369302,6386.3088960792
2019-02-01,2.83183439,1.73393363,2.8219870873333335,1.7229840173333333,-0.007784524365561651,0.5240286298568542,4.93433034894362,4.573064072094328,3672.8940000000002,10401.027540024661,6368.55442602522
2019-03-01,2.731303718,1.696675552,2.7983976533333332,1.71850129,-3.550019462826004,-2.148760330578503,5.017957030405816,4.585923612237548,3706.1915,10122.734623569997,6288.2045090802085
2019-04-01,2.670456206,1.615545536,2.7445314379999997,1.6820515726666667,-2.227782710468962,-4.7817047817047875,5.039470955042314,4.690032153005658,3736.97575,9979.430083259003,6037.254491052752
2019-05-01,2.65766941,1.567925744,2.686476444666667,1.6267156106666667,-0.4788244035333844,-2.9475982532750966,5.012671773435902,4.666155827063147,3765.6293308080803,10007.797881887405,5904.227170135482
2019-06-01,2.860053526,1.631859724,2.7293930473333337,1.6051103346666669,7.615097469929499,4.077615298087722,5.574439564101234,4.930684692538239,3728.9883024691353,10665.106142889606,6085.185822066512
2019-07-01,2.986598714,1.629875566,2.8347738833333334,1.6098870113333337,4.424574115470592,-0.12158875979464412,5.662181900376418,4.932224399267331,3696.486956521739,11039.923190665599,6024.813770472487
2019-08-01,2.782891826,1.560209574,2.876514688666667,1.607314954666667,-6.820698309588824,-4.274313539834984,5.908061060592983,4.927015379747087,3693.733863636364,10279.261776533036,5762.998937853465
2019-09-01,2.841534718,1.557343568,2.870341752666667,1.582476236,2.1072645171512194,-0.18369365550373606,5.825504686788654,4.763270217132249,3675.4964285714286,10444.050707670722,5724.010722242686
2019-10-01,2.799646938,1.513030706,2.808024494,1.5435279493333336,-1.4741252230584312,-2.8454133635334222,4.2544653217924235,2.9914245076584844,3696.206363636363,10348.072828170658,5592.473723894419
2019-11-01,3.108073276,1.615545536,2.9164183106666663,1.5619732700000002,11.016615481533965,6.7754626256739,5.4164239159181005,3.8672975563780576,3697.442857142857,11491.923333822799,5973.387302472228
2019-12-01,3.455080464,1.614443226,3.120933559333333,1.5810064893333333,11.164704213363596,-0.06823144104803891,5.6583805708019135,3.356818565293093,3676.7295,12703.396266862488,5935.871035109367
2020-01-01,3.134749178,1.55535941,3.2326343059999996,1.5951160573333336,-9.271311893823386,-3.659702307797341,6.518886456672802,3.451283142049056,3681.3686363636366,11540.16730675589,5725.8513502470505
2020-02-01,2.9872601,1.500684834,3.192363247333333,1.556829156666667,-4.704972220268655,-3.5152374202693126,6.725371049762925,3.5064673475108514,3676.8465000000006,10983.69684327465,5517.787779495982
2020-03-01,3.270112846,1.487236652,3.1307073746666667,1.5144269653333335,9.468634686346867,-0.8961363302482761,7.029418805776373,3.4923593356416776,3772.9075,12337.833282519745,5611.206318605689
2020-04-01,3.406578824,1.410074952,3.221317256666667,1.4659988126666665,4.17312748601093,-5.188259709457455,6.943717959551941,3.5337195791116294,3785.7464166666664,12896.443576050546,5338.186196765421
2020-05-01,3.303402608,1.422641286,3.3266980926666663,1.439984296666667,-3.0287341444473204,0.8911819887429617,7.073238028119042,3.5220899704694584,3791.46,12524.71885212768,5393.88753021756
2020-06-01,3.119978224,1.424625444,3.2766532186666666,1.4191138939999999,-5.552589428723964,0.1394700139470073,7.153331873827033,3.200052676233321,3737.9445,11662.305442520568,5325.1708429598575
2020-07-01,3.235941236,1.492307278,3.2197740226666665,1.4465246693333336,3.716789146410404,4.750851129681211,7.125016913515978,3.6148003602822674,3703.5370454545455,11984.42824443997,5526.815287274435
2020-08-01,3.59904215,1.602317816,3.3183205366666666,1.5064168459999998,11.220874778580182,7.371842221893932,7.250246769927055,4.091877104131508,3677.5276190476193,13235.576908741525,5892.568022832062
2020-09-01,3.672015072,1.604301974,3.502332819333333,1.566309022666667,2.027565084226657,0.1238304898183884,7.250578827833102,4.089550587275783,3695.0872727272726,13568.416157809921,5928.03580573864
2020-10-01,3.352345172,1.507078232,3.541134131333333,1.571232674,-8.705571565802117,-6.060189638587332,7.875130869035202,4.408830585658952,3719.9169285714283,12470.445555737497,5606.205827898299
2020-11-01,3.323023726,1.595703956,3.4491279900000005,1.5690280540000001,-0.8746547415493855,5.880631948507897,7.339001787821052,4.290825618467096,3710.677380952381,12330.668976436304,5921.142576225433
2020-12-01,3.479110822,1.588208248,3.3848265733333336,1.5636634786666666,4.697140582498505,-0.4697430229345101,6.720266157230655,4.29280804669101,3666.543181818182,12756.31006319395,5823.2341230118
2021-01-01,3.542383416,1.559327726,3.448172654666667,1.5810799766666668,1.8186426715670612,-1.8184342032204315,6.015364511809753,4.183677712126262,3691.5636572890025,13076.93387868887,5756.357563104703
2021-02-01,3.669149066,1.617529694,3.563547768,1.5883552226666666,3.5785411999004424,3.732503888024885,5.746934993625604,4.137089090560991,3667.315789473684,13455.928303674422,5931.9921867487365
2021-03-01,3.68281771,1.628332332,3.6314500640000005,1.6017299173333335,0.3725289911674645,0.6678478942347077,5.231542174536792,4.106592394400699,3662.8695454545455,13489.68083141965,5964.36890876178
2021-04-01,3.71809163,1.641560052,3.690019468666667,1.6291406926666667,0.9577970667464797,0.8123476848090894,5.142554400214182,3.6459669754925494,3623.3019999999997,13471.76883916226,5947.867819531703
2021-05-01,4.110734452,1.756641216,3.837214597333334,1.6755112,10.560332048621412,7.0104754230459365,5.678490284759341,3.9899329181571486,3552.786578947369,14604.562190682167,6240.9713362305865
2021-06-01,4.243011652,1.870179146,4.023945911333333,1.7561268046666667,3.2178483320819407,6.4633534136546045,5.161009327575655,4.15824953329757,3540.352105263158,15021.75523481431,6621.092676760355
2021-07-01,4.503818198,2.080499894,4.285854767333333,1.9024400853333334,6.146731788423576,11.246021454674061,5.250750313009027,4.859608345673771,3552.305714285714,15998.93912085939,7390.571662027022
2021-08-01,4.767270288,2.098357316,4.504700046,2.016345452,5.849527632287432,0.8583236197944322,4.676125059554863,4.676668637425387,3537.036818181818,16862.010530880238,7421.96708439318
2021-09-01,4.972299948,2.30603252,4.747796144666666,2.1616299100000003,4.300776914539406,9.897037192687552,4.7025190216481265,5.083158951122691,3530.6313636363634,17555.35814581626,8141.750740677399
2021-10-01,5.314456972,2.320142088,5.018009069333334,2.2415106413333334,6.881262747184547,0.611854684512414,3.185885462222897,4.281686401944647,3579.9423809523805,19025.44974581066,8305.974990662547
2021-11-01,5.709083952,2.41185428,5.331946957333334,2.346009629333334,7.425537210652955,3.9528696313188894,2.931989713389474,4.229963125468177,3551.5227954545453,20275.941796691724,8565.75545473461
2021-12-01,5.910145296,2.483724892,5.644562073333334,2.40524042,3.5217794253938672,2.979890310786115,2.9498696911403517,4.042770815101271,3554.991739130435,21010.517704340597,8829.621473332632
2022-01-01,5.976283896,2.425082,5.865171048,2.440220390666667,1.1190689346463722,-2.361086454819805,3.0150061780357897,4.114555390413915,3528.8334999999997,21089.310817715315,8557.710601847
2022-02-01,6.169188146,2.412515666,6.018539112666666,2.4404408526666668,3.227829423048534,-0.5181818181818287,3.0263686035291326,4.301732961661817,3514.5068421052633,21681.653949351683,8478.802814843137
2022-03-01,5.698501776,2.288836484,5.947991272666666,2.3754780500000003,-7.629632276739451,-5.1265649273508185,4.522116688223147,4.924764146298395,3589.8422727272728,20456.72256669624,8216.56196562366
2022-04-01,5.854147948,2.291041104,5.907279290000001,2.3307977513333333,2.731352522438879,0.09632055480639501,4.449238410981389,4.957715784277795,3541.456111111111,20732.20802579317,8113.621518567546
2022-05-01,5.741271404,2.27296322,5.764640376,2.2842802693333333,-1.9281464186186592,-0.7890685142417309,4.2159133214995395,4.884256697532631,3633.068095238095,20858.42996397522,8257.830156231646
2022-06-01,6.033824478,2.288616022,5.87641461,2.284206782,5.095614776130852,0.6886517943743842,4.263151093508544,4.715749510236097,3747.3807500000003,22611.037697736,8576.315624984376
2022-07-01,5.639197498,2.212115708,5.80476446,2.2578983166666666,-6.540246264021343,-3.342645217223772,4.946885620793516,3.860634567002271,3791.5919047619045,21381.535582770386,8387.440010849448
2022-08-01,5.917861466,2.41736583,5.863627814,2.30603252,4.941553618202432,9.278453258919694,4.889338173438853,4.6087326470143815,3832.4491304347825,22679.903029405206,9264.431573126256
2022-09-01,5.897138038,2.455064832,5.818065667333333,2.361515456666667,-0.35018440561785935,1.559507523939807,4.8685229490886845,3.7378527470423113,3825.326363636363,22558.477606764216,9391.424226286079
2022-10-01,5.292851696,2.270979062,5.702617066666666,2.3811365746666673,-10.247112041571649,-7.498204022988519,5.614358493442326,4.406161708778932,3822.2676190476186,20230.695650042067,8680.289732217734
2022-11-01,4.715461718,2.041257658,5.301817150666667,2.255767184,-10.908863712095961,-10.115522764780104,5.9296011800698025,5.056316857478465,3760.228181818182,17731.21204230838,7675.59457196378
2022-12-01,4.629481538,2.045446436,4.879264984,2.119227718666667,-1.8233671513394722,0.20520574576088357,5.722265563140216,4.905888578566739,3690.857857142857,17086.7583090251,7549.452049675455
2023-01-01,4.558272312,2.115994276,4.634405189333333,2.0675661233333336,-1.5381684842135424,3.4490191851692,5.647456012878499,5.095532340230908,3693.6104761904767,16836.482364932184,7815.658625392683
2023-02-01,5.064673526,2.291261566,4.750809125333333,2.1509007593333336,11.109498935964401,8.28297561992084,6.684151985931438,5.762426908858277,3685.7157894736847,18666.94718330756,8444.938931620401
2023-03-01,4.902193032,2.347699838,4.841712956666666,2.2516518933333334,-3.2081138728072167,2.4631963821803105,6.4279261701914185,5.595744195448463,3744.515,18356.335341219477,8790.99725888857
2023-04-01,5.060925672,2.55074534,5.009264076666667,2.3965689146666667,3.237992444684301,8.648699408395167,6.456659942651637,6.083014009950286,3745.819411764706,18957.31362367594,9554.631409040365
2023-05-01,4.852809544,2.70176181,4.938642749333333,2.533402329333333,-4.112214671545555,5.9204840103716405,6.515309732371723,6.203841096201804,3729.5545454545454,18098.8178930504,10076.368039220999
2023-06-01,4.572161418,2.912964406,4.828632211333333,2.721823852,-5.783209158640745,7.817217462260317,6.314145384050082,6.442394260618703,3707.7879999999996,16952.605239723383,10800.654468993927
2023-07-01,4.265719238,2.812654196,4.5635634,2.809126804,-6.7023482327981165,-3.443578294104288,6.324668713832271,6.450381297747968,3661.229523809524,15617.777214447866,10297.772582661939
2023-08-01,4.116686926,2.747397444,4.3181891939999995,2.8243386820000005,-3.4937206057160552,-2.3201128703558505,5.925183799068986,6.157934051890736,3689.1226086956526,15186.962811628406,10135.48602573305
2023-09-01,4.045918624,2.731303718,4.142774929333333,2.7637851193333334,-1.7190596047769624,-0.585780773551603,5.886397020416057,6.179153514586852,3738.9407142857144,15127.449869960434,10212.182674310146
2023-10-01,4.04768232,2.619970408,4.070095956666666,2.69955719,0.04359197907586321,-4.076196626039231,5.457878434099649,5.816153436095413,3755.6253174603175,15201.578198028514,9839.627195281637
2023-11-01,4.347069716,2.703525506,4.1468902199999995,2.684933210666667,7.396514161220047,3.189161898350723,5.320758474766334,4.564447626145059,3782.0251893939394,16440.72716596356,10224.801563860996
2023-12-01,4.646457112,2.986598714,4.347069716,2.7700315426666666,6.887108225986416,10.470521079670547,5.7110010100301425,5.0400860203270685,3780.739766081871,17567.045174732328,11291.552523348777
2024-01-01,4.47317398,3.26393991,4.4889002693333335,2.984688043333333,-3.7293604099449595,9.286188824093887,5.805063293007477,5.3273757274066575,3805.033624338624,17020.57740141663,12419.401105370782
2024-02-01,4.602805636,3.378139226,4.574145576,3.209559283333333,2.897979300147857,3.4988179669030783,4.766781283369319,5.137373119590247,3873.587736111111,17829.371463312706,13085.518676709482
2024-03-01,4.605010256,3.65636227,4.560329957333334,3.432813802,0.04789730817127413,8.235985120407218,4.702678116636507,5.308523750710885,3895.779736842105,17940.105643274874,14244.38204202
2024-04-01,5.274332888,4.233531786,4.827382926666666,3.756011094,14.534661049406349,15.785348206210447,6.345165535383555,6.21318501459698,3822.6875,20162.1264017965,16183.469039194877
2024-05-01,5.083192334,4.04217077,4.9875118259999995,3.9773549420000003,-3.623975923758571,-4.520127063479662,6.314236266698905,6.70491812195295,3791.4007936507937,19272.41944940723,15325.48946545004
2024-06-01,5.476055618,4.504259122,5.27786028,4.259987226,7.728672420523064,11.431688028361053,6.284348851282432,6.986312027884668,3747.190526315789,20519.823733347956,16878.31711002987
2024-07-01,5.66807802,4.733760064,5.409108657333334,4.426729985333334,3.506582390595425,5.095198472908824,5.709857551418479,6.592712110424111,3705.854806763285,21005.074175526326,17542.62748723848
2024-08-01,5.763758528,4.732878216,5.635964055333335,4.656965800666666,1.6880591209646134,-0.01862891207154993,5.399598809079796,6.403076300934642,3723.647286501378,21462.20380283638,17623.56912634988
2024-09-01,6.124654822,5.330330236,5.852163790000001,4.932322838666667,6.261474908200726,12.623439537916914,5.258989046217747,6.524286405812654,3711.3130880230883,22730.51160051232,19782.524368352
2024-10-01,6.101726774,4.892272242,5.996713374666666,4.985160231333333,-0.3743565746373356,-8.218214906112998,5.286261208779806,7.1778591108705285,3667.9260674931134,22380.68269107526,17944.492885704774
2024-11-01,6.723650076,4.984866282,6.316677224,5.0691562533333325,10.192578675434483,1.8926591861565534,5.524962389667578,7.226572378035699,3678.647546897547,24733.938858274905,18337.566119891595
2024-12-01,7.569342308,5.218996926,6.798239719333334,5.03204515,12.577873958948139,4.696828977046574,6.031761319547381,7.0530279669350335,3664.081712121212,27734.68872352817,19122.831192173424
2025-01-01,7.814716514,5.407712398,7.369236299333334,5.203858535333333,3.2416846274829547,3.615933764203949,5.499403209043331,6.92730379523162,3688.958987603306,28828.168719892277,19948.829252975927
2025-02-01,9.049303714,5.81248063,8.144454178666667,5.479729984666666,15.798233983129762,7.485017734110633,6.280076972783518,6.969855358489225,3677.712329545454,33280.73584277927,21376.631678195125
2025-03-01,8.919451596,5.689903758,8.594490608000001,5.636698928666667,-1.434940434136478,-2.1088564384600716,6.420115143754862,7.1493607934635355,3667.8645995670995,32715.340756520665,20869.796568912003
2025-04-01,8.635937464,5.425128896,8.868230924666667,5.642504428,-3.1786049730584853,-4.653415475221811,6.2743125106797155,6.484987056238112,3669.612056818182,31690.540239822232,19908.118406554313
2025-05-01,8.770860208,5.24148405,8.775416422666666,5.452172234666667,1.562340447258248,-3.3850780234070177,5.837370280392514,6.384333999473009,3653.3971536796535,32043.435719229336,19149.222909327305
2025-06-01,8.006297992,4.325684902,8.471031887999999,4.997432616,-8.717072189825048,-17.47213459516299,6.917277815019932,7.9224286186588095,3605.8384343434345,28869.417016360265,15597.720874490713
2025-07-01,7.1760381,3.685904178,7.984398766666668,4.417691043333333,-10.370084811102542,-14.790275724988533,7.980898273722836,8.7841275431033,3586.5659090909094,25737.333611797505,13219.73826899055
2025-08-01,8.075963984,4.390059806,7.752766691999999,4.133882962,12.540706605222729,19.10401339793051,8.506483480011733,10.651770920863248,3563.9288636363635,28782.161144265316,15645.860855693254
2025-09-01,8.831487258,4.657480212,8.027829780666666,4.244481398666667,9.355208560821126,6.091498016371211,8.654132014323398,10.094754250430434,3507.7902066115707,30979.004513427273,16337.463475140783
2025-10-01,8.902035098,4.741255772,8.603162113333333,4.596265263333334,0.7988217379365503,1.7987314209978011,8.61374546927735,9.822074926311725,3463.8557644628095,30835.365589657555,16423.026136634766
2025-11-01,9.045776322,4.737948842,8.926432892666666,4.7122282753333335,1.614700710765482,-0.06974797730865401,8.362900305210413,9.807467258156374,3575.136625,32339.886230339995,16938.814432410538
2025-12-01,8.404672826,4.201344334,8.784161415333333,4.560182982666666,-7.087324218273983,-11.325671211204691,8.201240655952933,10.196712258088096,3575.228841991342,30048.628695016083,15020.767438053706
2026-01-01,8.023494028,4.244334424,8.491314392,4.3945425333333334,-4.535319885633349,1.023246051319715,8.329525412224447,10.109966827350625,3562.143712121212,28580.838801082296,15118.929180591205
2026-02-01,7.08454637,3.962363526,7.837571074666666,4.136014094666667,-11.70247843051052,-6.643465613962185,7.487081435357554,9.782652527073585,3568.228935406699,25279.283351664493,14138.620186073313
2026-03-01,7.370926508,3.897106774,7.4929889686666655,4.034601574666667,4.042321456355991,-1.6469148166694425,7.67352349220762,9.7861095855767,3730.530987012987,27497.469741089433,14538.27758010522
2026-04-01,7.302142364,3.62990683,7.252538414,3.8297923766666666,-0.933181790991211,-6.856367030604749,7.6510638889117955,9.847291525117218,3716.6992261904766,27139.866873811497,13491.271906204525
